,real,pred
0,8.174189567565918,8.202582693463638
1,8.174189567565918,8.176774388256412
2,8.119939804077147,8.169716700847427
3,7.58101987838745,8.11400560291346
4,7.584640026092528,7.607044261626498
5,7.751009941101074,7.610369580761963
6,7.765480041503906,7.760736580132585
7,8.040360450744629,7.752069527278872
8,7.732930183410644,8.024030009832124
9,8.203120231628418,7.725229883462765
10,8.347800254821777,8.18660642958792
11,8.025899887084961,8.331892797612097
12,7.975259780883788,8.010504043038946
13,7.924620151519775,7.97665935407312
14,7.8667497634887695,7.93779062380993
15,7.848670005798339,7.864810312323611
16,7.682290077209472,7.845252796902282
17,7.729310035705566,7.684654017328725
18,8.166959762573242,7.726462080124908
19,8.029509544372559,8.151139947974162
20,7.9571800231933585,8.013576100891996
21,7.798029899597168,7.942790593298224
22,7.9571800231933585,7.8077274960690906
23,8.058449745178223,7.9513811132637775
24,7.996960163116455,8.046739319062853
25,8.119939804077147,7.983057038662584
26,7.993340015411378,8.106668149137366
27,7.794419765472412,7.9872234565135365
28,7.852290153503418,7.794644742234201
29,8.011429786682129,7.855926173647677
30,8.119939804077147,8.00226028187706
31,8.119939804077147,8.104099061557239
32,8.358650207519531,8.104777531848976
33,8.427370071411133,8.34235294566104
34,8.355030059814451,8.411366686011348
35,8.416520118713379,8.340112344339468
36,8.626299858093263,8.405684639628294
37,8.615449905395508,8.611687351755386
38,8.463540077209473,8.599803126087515
39,8.55757999420166,8.45298145510977
40,8.28993034362793,8.551020118377501
41,8.098230361938478,8.29653747795486
42,8.156109809875487,8.107475221193628
43,8.387590408325195,8.167636331948078
44,8.336950302124022,8.375644661950876
45,8.333330154418945,8.32199361362394
46,8.373120307922362,8.31952604529303
47,8.257379531860353,8.36472760799639
48,8.246529579162598,8.251609615807272
49,8.065679550170897,8.241068378740968
50,8.250140190124513,8.071427758045996
51,8.52140998840332,8.241620855744516
52,8.553959846496582,8.505687081574669
53,8.391200065612793,8.537043701226107
54,8.463540077209473,8.378142091943044
55,8.474390029907228,8.45667099998651
56,8.452690124511719,8.468376959133254
57,8.264610290527344,8.441702407167062
58,8.163339614868164,8.264269675972692
59,8.195890426635742,8.169213673856966
60,7.989729881286621,8.198652142553245
61,8.101849555969237,7.993670561718085
62,8.040360450744629,8.095498566570157
63,8.101849555969237,8.03811935231198
64,7.960790157318115,8.08981279516542
65,7.262730121612549,7.95794280377043
66,7.1506099700927725,7.305188708689575
67,7.280819892883301,7.210908409937085
68,7.0854997634887695,7.314308734901113
69,7.291669845581055,7.08496105889016
70,7.212090015411378,7.279646761618101
71,7.179540157318115,7.206701294105985
72,7.2844300270080575,7.1688088190739965
73,7.29527997970581,7.276696389259694
74,7.436339855194093,7.284718807041008
75,7.233799934387206,7.4220048434086445
76,7.197629928588867,7.22769029527969
77,6.655089855194093,7.193427968888925
78,6.604459762573243,6.6981504511547785
79,6.665939807891846,6.633975938779426
80,6.3187198638916025,6.687645408588838
81,6.55019998550415,6.327781251612581
82,6.756370067596436,6.545185003733189
83,6.637010097503662,6.746363024924598
84,6.3042497634887695,6.623422060898508
85,6.499569892883301,6.3083249385480755
86,6.423610210418701,6.503802689848998
87,6.3476600646972665,6.425762757680436
88,6.445310115814209,6.3399480207174435
89,6.651480197906494,6.440536200417617
90,6.434460163116455,6.638882221353243
91,6.474249839782715,6.4253091915781875
92,6.535729885101317,6.466607781079118
93,6.539350032806397,6.533178503514804
94,6.333189964294434,6.529460938302247
95,6.257229804992676,6.33218985953618
96,6.231919765472412,6.26314972918685
97,6.228300094604492,6.239508379480888
98,6.257229804992676,6.226083187828911
99,6.1161699295043945,6.2511266779444865
100,6.040219783782959,6.114766855263354
101,6.391059875488281,6.042246438659873
102,6.188509941101074,6.380927407951223
103,6.202980041503906,6.180553780029792
104,6.202980041503906,6.192939885574567
105,6.202980041503906,6.204469268322561
106,6.264470100402832,6.196610339160565
107,6.618919849395752,6.256524693626581
108,6.7021098136901855,6.605004397733289
109,6.637010097503662,6.688196536681111
110,6.7021098136901855,6.623116038977775
111,6.55019998550415,6.692400642646421
112,6.687640190124513,6.5491918952982155
113,6.333189964294434,6.67886653996347
114,6.333189964294434,6.344190057159912
115,6.333189964294434,6.335726703730427
116,6.333189964294434,6.343304004398389
117,6.333189964294434,6.326846951316727
118,6.333189964294434,6.326846951316727
119,6.333189964294434,6.326846951316727
120,6.333189964294434,6.326846951316727
121,6.333189964294434,6.326846951316727
122,6.333189964294434,6.326846951316727
123,6.333189964294434,6.326846951316727
124,6.333189964294434,6.326846951316727
125,6.333189964294434,6.326846951316727
126,6.333189964294434,6.326846951316727
127,6.333189964294434,6.326846951316727
128,6.333189964294434,6.326846951316727
129,6.333189964294434,6.326846951316727
130,6.333189964294434,6.326846951316727
131,6.333189964294434,6.326846951316727
132,6.333189964294434,6.326846951316727
133,6.333189964294434,6.326846951316727
134,6.333189964294434,6.326846951316727
135,6.333189964294434,6.326846951316727
136,6.333189964294434,6.326846951316727
137,6.333189964294434,6.326846951316727
138,6.333189964294434,6.326846951316727
139,6.333189964294434,6.326846951316727
140,6.333189964294434,6.326846951316727
141,6.333189964294434,6.326846951316727
142,6.333189964294434,6.326846951316727
143,6.333189964294434,6.326846951316727
144,6.333189964294434,6.326846951316727
145,6.333189964294434,6.326846951316727
146,6.333189964294434,6.326846951316727
147,6.333189964294434,6.326846951316727
148,6.333189964294434,6.326846951316727
149,6.333189964294434,6.326846951316727
150,6.333189964294434,6.326846951316727
151,6.333189964294434,6.326846951316727
152,6.333189964294434,6.326846951316727
153,6.333189964294434,6.326846951316727
154,6.333189964294434,6.326846951316727
155,6.333189964294434,6.326846951316727
156,6.333189964294434,6.326846951316727
157,6.333189964294434,6.326846951316727
158,6.333189964294434,6.326846951316727
159,6.333189964294434,6.326846951316727
160,6.579140186309815,6.326846951316727
161,6.423610210418701,6.566479137667034
162,6.582749843597412,6.4143986673477595
163,6.5248799324035645,6.570030959005259
164,6.3838300704956055,6.5199200854546335
165,6.228300094604492,6.378690710270553
166,6.221059799194336,6.238648176334133
167,6.181280136108397,6.228472243811367
168,6.21382999420166,6.183521181726544
169,6.119790077209472,6.208344089339235
170,6.014900207519531,6.117790948679184
171,6.022140026092528,6.016034421861187
172,6.040219783782959,6.024401431356362
173,6.007669925689697,6.037683414250459
174,6.036600112915039,6.002759612777962
175,5.881080150604247,6.030891216255052
176,5.866610050201416,5.882456568785468
177,5.866610050201416,5.8672801778342585
178,6.228300094604492,5.868529348794805
179,6.5248799324035645,6.21602465682306
180,6.499569892883301,6.513648613621805
181,6.705729961395265,6.487981571380525
182,6.633389949798583,6.691687739665385
183,6.9263601303100595,6.623184282321662
184,6.9335899353027335,6.911626417380841
185,7.071040153503418,6.92038847205409
186,7.042099952697754,7.056009184694848
187,6.817850112915039,7.030985131487694
188,6.698500156402589,6.814823871992968
189,6.839550018310547,6.7091599336852985
190,6.749129772186278,6.840494761899342
191,6.71295976638794,6.744293683178819
192,6.788919925689697,6.705243155059203
193,6.65871000289917,6.78333292380528
194,6.716579914093018,6.654883068360642
195,6.749129772186278,6.709208625630697
196,6.890190124511719,6.7432066623675615
197,6.843170166015625,6.8770129003431055
198,6.846789836883544,6.832107051250156
199,6.9227399826049805,6.836431300239368
200,6.7455101013183585,6.914109062806721
201,6.5574398040771475,6.741833565152324
202,6.669559955596924,6.563350229067956
203,6.217450141906737,6.6733268370379255
204,6.260849952697754,6.239518462296797
205,6.040219783782959,6.267757354676019
206,6.076389789581299,6.0705944330568755
207,6.21382999420166,6.076187872782333
208,6.1523399353027335,6.209461747619181
209,6.032989978790281,6.143559316757846
210,5.9859700202941895,6.029173226699738
211,6.061920166015625,5.990105105550595
212,6.130640029907228,6.059712005579791
213,6.036600112915039,6.122286218271388
214,6.047450065612793,6.029854316561978
215,5.928100109100343,6.042600061837137
216,5.9642601013183585,5.931240838047496
217,5.971499919891358,5.961775353892929
218,5.993199825286865,5.969116812220487
219,6.054689884185791,5.986271341700149
220,6.051070213317871,6.046841133052846
221,5.9642601013183585,6.043504191389121
222,5.862989902496338,5.960252528732417
223,5.910009860992433,5.865907372982373
224,6.011280059814452,5.910481142314365
225,5.982349872589111,6.004748420577634
226,6.000430107116698,5.974188828724575
227,5.94980001449585,5.992836481040997
228,5.91363000869751,5.946985218530404
229,5.834060192108153,5.911244344330678
230,5.993199825286865,5.83597225104158
231,5.870230197906494,5.986852171051587
232,5.870230197906494,5.867163978638271
233,5.946179866790772,5.8647017619016735
234,5.8123598098754865,5.942870965565613
235,5.76894998550415,5.810095215142098
236,5.70384979248047,5.768514130221075
237,5.667679786682129,5.709964882410951
238,5.711080074310303,5.669549710145116
239,5.794270038604736,5.709387548025074
240,5.761720180511475,5.78779757012376
241,5.718319892883301,5.7553662064146325
242,5.935329914093018,5.714496734304466
243,5.779799938201903,5.9269689741057165
244,5.855760097503662,5.775290481630802
245,5.93170976638794,5.84791871164366
246,5.910009860992433,5.9270391890176
247,5.783420085906982,5.902003811330045
248,5.562789916992189,5.7818268729839275
249,5.548319816589356,5.5765559449021
250,5.6025800704956055,5.5617413981591985
251,5.39640998840332,5.606389509857795
252,5.479599952697754,5.401020829857123
253,5.443429946899414,5.479842490667586
254,5.486830234527587,5.447383552769217
255,5.519390106201172,5.482553288221688
256,5.5447001457214355,5.516053700482615
257,5.497690200805663,5.539723301396061
258,5.5374698638916025,5.495303911855189
259,5.584489822387696,5.534576747299409
260,5.515769958496094,5.580662811696129
261,5.588109970092773,5.513042247692364
262,5.60619020462036,5.583976963306876
263,5.7870402336120605,5.602695623724087
264,5.7219300270080575,5.777759913599703
265,5.7436299324035645,5.715002293630389
266,5.779799938201903,5.736487981652157
267,5.779799938201903,5.776046182984485
268,5.7761898040771475,5.774207275268458
269,5.595339775085449,5.771292786710219
270,5.635129928588867,5.599354096862314
271,5.627890110015869,5.637194098376809
272,5.747250080108643,5.63014904484551
273,5.761720180511475,5.739816608829995
274,5.801499843597412,5.754672171455418
275,5.852139949798583,5.793340555496545
276,5.93170976638794,5.844998141080815
277,6.032989978790281,5.92283594506348
278,6.054689884185791,6.022650450164838
279,6.022140026092528,6.044643009585986
280,6.036600112915039,6.014442290577961
281,5.87746000289917,6.031222726182441
282,5.805119991302491,5.879653288360123
283,5.848519802093506,5.809495997848721
284,5.729169845581055,5.851337274007464
285,5.76894998550415,5.730841866781316
286,5.682149887084961,5.766184327810284
287,5.725550174713134,5.684855939818412
288,5.70384979248047,5.722007083807576
289,5.790649890899657,5.702453077620233
290,5.823209762573243,5.7837958734587085
291,5.779799938201903,5.81639862645359
292,5.881080150604247,5.773757202227033
293,5.906390190124513,5.87410445022301
294,5.967879772186278,5.899449190316315
295,5.924479961395265,5.958507722513355
296,5.815969944000244,5.918468643064845
297,5.993199825286865,5.814871314190494
298,6.1487298011779785,5.987364965440324
299,6.221059799194336,6.13792230358144
300,6.210209846496582,6.208707261282873
301,6.1595802307128915,6.199234954342504
302,6.1704301834106445,6.153481418523491
303,6.528500080108643,6.166339850639198
304,6.579140186309815,6.515237219342454
305,6.774449825286865,6.565353273206573
306,6.825089931488038,6.761393805739147
307,6.665939807891846,6.811225520868379
308,6.535729885101317,6.656211056138938
309,6.553820133209228,6.538948479584921
310,6.459780216217042,6.558738264214255
311,6.539350032806397,6.461500299387063
312,6.662330150604247,6.5323439161679255
313,6.611690044403076,6.652059464764493
314,6.734660148620605,6.600553327353704
315,6.582749843597412,6.722398138333794
316,6.5899901390075675,6.578634572131697
317,6.459780216217042,6.583722255549662
318,6.412759780883788,6.465060771041122
319,6.344039916992189,6.4128612105550316
320,6.391059875488281,6.348020937322301
321,6.202980041503906,6.38696406674825
322,6.459780216217042,6.2055065486513135
323,6.55019998550415,6.449847984177694
324,6.48509979248047,6.539072710936319
325,6.633389949798583,6.472296890033752
326,6.474249839782715,6.621764718314411
327,6.5682902336120605,6.470226262975053
328,6.434460163116455,6.55887878745746
329,6.365739822387696,6.435880733389684
330,6.354889869689941,6.363279372343432
331,6.38744020462036,6.357196299183572
332,6.3042497634887695,6.382550670149785
333,6.040219783782959,6.300123606511676
334,6.043839931488037,6.0487689622605005
335,6.094470024108888,6.054049906771855
336,6.036600112915039,6.097335003271181
337,5.9859700202941895,6.031448872768252
338,5.978730201721191,5.982864549071865
339,5.899159908294677,5.977858550467826
340,5.971499919891358,5.899527956577215
341,5.881080150604247,5.96698482236286
342,5.7761898040771475,5.8799328191429305
343,5.747250080108643,5.776567648463234
344,5.794270038604736,5.7522574027802325
345,5.888309955596924,5.793149969554298
346,5.881080150604247,5.880804626796157
347,6.004049777984619,5.873163440765335
348,6.1451101303100595,5.994155826937951
349,6.181280136108397,6.1339147332662645
350,6.163189888000487,6.169504961185359
351,6.014900207519531,6.15338379152516
352,6.1740498542785645,6.014474411497542
353,6.123410224914551,6.168468380911427
354,6.3476600646972665,6.119108344952827
355,6.2933998107910165,6.334946792909007
356,6.235529899597168,6.283915361238297
357,6.253620147705078,6.22642092401204
358,6.3368101119995135,6.25089212931609
359,6.2933998107910165,6.329131713138665
360,6.1487298011779785,6.285454767335682
361,6.344039916992189,6.146773469095434
362,6.35851001739502,6.337433285016708
363,6.506800174713134,6.3501577170574075
364,6.488719940185548,6.493374840030323
365,6.344039916992189,6.478061002222273
366,6.344039916992189,6.338139740947018
367,6.21382999420166,6.343975641890219
368,6.224679946899414,6.219666879588683
369,6.101709842681885,6.22306607337606
370,6.231919765472412,6.106167750744007
371,6.21382999420166,6.225337230280025
372,6.094470024108888,6.208225029509474
373,6.271699905395508,6.089193290822935
374,6.221059799194336,6.264337500426332
375,6.1487298011779785,6.214850625793099
376,6.098090171813965,6.141410841161498
377,6.108940124511719,6.099246713218986
378,5.895540237426758,6.1074151661795995
379,5.7870402336120605,5.901307220559514
380,5.797890186309815,5.796360076619912
381,5.819590091705322,5.807161620869863
382,5.9425601959228525,5.817935082498971
383,6.01851987838745,5.933885137674175
384,6.195750236511231,6.008398516087049
385,6.1668100357055655,6.183540999213334
386,6.051070213317871,6.15592104496237
387,6.004049777984619,6.0447659061166
388,5.938950061798097,6.006379901200679
389,6.01851987838745,5.943268074866668
390,5.928100109100343,6.014392461948852
391,6.271699905395508,5.92591210138582
392,6.286170005798339,6.259301726659147
393,6.047450065612793,6.274241323077502
394,6.032989978790281,6.03897193514703
395,6.094470024108888,6.037495562305169
396,6.123410224914551,6.096474112454897
397,5.94980001449585,6.115621031804011
398,5.917250156402589,5.947783728362226
399,6.025750160217286,5.9192679267762545
400,5.993199825286865,6.02396651468484
401,5.960649967193604,5.986852171051587
402,5.975120067596436,5.954458370418083
403,5.938950061798097,5.971805925633073
404,5.989580154418945,5.935927712112543
405,6.1487298011779785,5.98365767937893
406,6.004049777984619,6.138720132662658
407,6.054689884185791,5.997069670087944
408,6.1704301834106445,6.047476830751897
409,6.040219783782959,6.163960573015057
410,6.011280059814452,6.033859847687686
411,5.801499843597412,6.007555718822194
412,5.848519802093506,5.814104655788549
413,5.7870402336120605,5.851503369840198
414,5.801499843597412,5.791850587958022
415,5.801499843597412,5.797400850218625
416,5.60619020462036,5.798918120802794
417,5.660449981689452,5.60997794755396
418,5.917250156402589,5.662212552623764
419,5.91363000869751,5.909507379314725
420,5.917250156402589,5.903252916338017
421,5.982349872589111,5.907266667014608
422,5.794270038604736,5.97547365148152
423,5.8087401390075675,5.794408368795688
424,5.714700222015381,5.80837427767596
425,5.797890186309815,5.722040892073442
426,5.978730201721191,5.793702220682665
427,6.01851987838745,5.969602143014759
428,6.058300018310547,6.007548528135735
429,6.047450065612793,6.047493177422001
430,6.1595802307128915,6.040175773689464
431,6.105319976806641,6.150145523109567
432,6.094470024108888,6.098376328886008
433,6.192130088806153,6.0875716445853225
434,6.105319976806641,6.185258557426693
435,6.1414899826049805,6.099769708349306
436,6.047450065612793,6.134399534159236
437,6.054689884185791,6.047510552656776
438,6.127029895782472,6.05103737433529
439,6.069159984588622,6.121859447077537
440,5.993199825286865,6.063094280781727
441,6.051070213317871,5.990192910562288
442,5.957029819488525,6.04835478086023
443,5.797890186309815,5.956105598074287
444,5.779799938201903,5.8012800961578765
445,5.76894998550415,5.787011314651342
446,5.76894998550415,5.772152814298898
447,5.805119991302491,5.765946736886655
448,5.700230121612549,5.800257004998218
449,5.729169845581055,5.698983042706223
450,5.711080074310303,5.726755225129538
451,5.707469940185548,5.710694086823081
452,5.772570133209228,5.703714481497788
453,5.609809875488281,5.767399878287204
454,5.7436299324035645,5.610316800687206
455,5.76894998550415,5.738831135535059
456,5.76894998550415,5.765147892548721
457,5.76894998550415,5.761245705078277
458,5.805119991302491,5.764298139762534
459,5.7653398513793945,5.799954162224841
460,5.73277997970581,5.7615585384312356
461,5.729169845581055,5.730224331962464
462,5.671299934387206,5.7280116920420765
463,5.642360210418701,5.671150283737757
464,5.443429946899414,5.64225457795599
465,5.526619911193848,5.453306320689065
466,5.551939964294434,5.529385218390047
467,5.5447001457214355,5.55243037568158
468,5.548319816589356,5.539723301396061
469,5.588109970092773,5.545245327452436
470,5.57726001739502,5.584352018502126
471,5.57726001739502,5.573677153249643
472,5.598959922790527,5.573774485541807
473,5.533850193023682,5.595822056207265
474,5.5374698638916025,5.532840907900608
475,5.638740062713622,5.5363164916731495
476,5.483220100402832,5.634528524398354
477,5.5664100646972665,5.482824764430316
478,5.551939964294434,5.563004097865634
479,5.707469940185548,5.552298492289557
480,5.707469940185548,5.699233952242544
481,5.707469940185548,5.700503626530284
482,5.707469940185548,5.7002428173814845
483,5.707469940185548,5.703929355374962
484,5.707469940185548,5.703929355374962
485,5.707469940185548,5.703929355374962
486,5.707469940185548,5.703929355374962
487,5.707469940185548,5.703929355374962
488,6.069159984588622,5.703929355374962
489,6.043839931488037,6.057636875674421
490,6.01851987838745,6.032543936513728
491,5.94980001449585,6.007500736546813
492,6.119790077209472,5.949198402992285
493,6.1451101303100595,6.112016223042824
494,6.087240219116211,6.136039829163258
495,6.000430107116698,6.078196307947341
496,6.112559795379639,5.999615437897726
497,6.112559795379639,6.108050041877444
498,6.1161699295043945,6.106207843191466
499,6.032989978790281,6.107461133739341
500,6.004049777984619,6.030482815768089
501,6.011280059814452,6.0027828428885375
502,5.94980001449585,6.009839634764698
503,5.94980001449585,5.947783728362226
504,5.94980001449585,5.946727705508268
505,5.9642601013183585,5.946985218530404
506,6.011280059814452,5.958881210451977
507,6.014900207519531,6.004360404848877
508,6.101709842681885,6.007869092522501
509,6.119790077209472,6.092600347416046
510,6.239150047302245,6.111228936727132
511,6.1848998069763175,6.227951111451885
512,6.231919765472412,6.176680231095195
513,6.32234001159668,6.222824152009679
514,6.246379852294923,6.313627286804911
515,6.130640029907228,6.238498190191954
516,6.076389789581299,6.128602703918432
517,6.1595802307128915,6.081115233936472
518,6.101709842681885,6.1568742469259
519,6.040219783782959,6.097119047060118
520,6.094470024108888,6.036123556522932
521,5.960649967193604,6.0911831503918865
522,5.87746000289917,5.9609017709439485
523,5.93170976638794,5.879010986534943
524,5.91363000869751,5.933021255029493
525,5.8123598098754865,5.9104744133988465
526,5.823209762573243,5.8103509738803005
527,5.855760097503662,5.82276952157852
528,5.790649890899657,5.853269388388858
529,5.801499843597412,5.787289886515707
530,5.8123598098754865,5.798079249196138
531,5.707469940185548,5.80959599147038
532,5.631509780883788,5.706701751869492
533,5.682149887084961,5.634668689904734
534,5.692999839782715,5.683342604609063
535,5.783420085906982,5.689991521746526
536,5.696609973907472,5.775750528742286
537,5.7436299324035645,5.69271332991377
538,5.725550174713134,5.738445790123888
539,5.906390190124513,5.723771966322141
540,5.895540237426758,5.897039923814396
541,5.852139949798583,5.8871931912337185
542,5.783420085906982,5.844536518739092
543,5.881080150604247,5.783759838343557
544,5.917250156402589,5.877003674011159
545,5.9968199729919425,5.910700971634725
546,5.938950061798097,5.986913024503753
547,6.061920166015625,5.932477212189215
548,6.098090171813965,6.05284821459726
549,5.9968199729919425,6.089790438227211
550,5.989580154418945,5.990063610758399
551,6.069159984588622,5.9869848272055
552,6.014900207519531,6.0646987643826975
553,6.043839931488037,6.009179199541037
554,6.004049777984619,6.036963308828085
555,5.982349872589111,6.001127494022358
556,5.844910144805907,5.978381241824974
557,5.834060192108153,5.84824520442014
558,5.794270038604736,5.836131795131158
559,5.7653398513793945,5.797346336357661
560,5.794270038604736,5.764109056866448
561,5.700230121612549,5.79148317617387
562,5.7653398513793945,5.699907579414776
563,5.685760021209718,5.761448908666837
564,5.70384979248047,5.68607401481291
565,5.7761898040771475,5.700223954118206
566,5.7761898040771475,5.771911915782376
567,5.682149887084961,5.769827882368253
568,5.649590015411378,5.679436500142352
569,5.718319892883301,5.650831662779324
570,5.761720180511475,5.7165843287501446
571,5.678530216217042,5.755702109623998
572,5.674910068511963,5.674343271119333
573,5.707469940185548,5.6729472240131225
574,5.5700201988220215,5.7056741277705365
575,5.519390106201172,5.571063296582821
576,5.54109001159668,5.522652362387455
577,5.501299858093262,5.54466436315061
578,5.3566298484802255,5.5013802666223945
579,5.349390029907227,5.361403114552337
580,5.255350112915039,5.355455528728451
581,5.3674798011779785,5.264670336108452
582,5.295139789581299,5.366179133416639
583,5.483220100402832,5.296436356944991
584,5.501299858093262,5.476766749945814
585,5.515769958496094,5.496038260216476
586,5.508530139923097,5.509106052972531
587,5.3891801834106445,5.505661134463198
588,5.342160224914551,5.391690493091989
589,5.3891801834106445,5.3475049456828545
590,5.3747100830078125,5.3919640193274025
591,5.327690124511719,5.374067093227492
592,5.483220100402832,5.327464677321072
593,5.479599952697754,5.47889551311477
594,5.472370147705078,5.475079407396977
595,5.526619911193848,5.467164003249368
596,5.494070053100586,5.523134412599916
597,5.475979804992676,5.491611206053318
598,5.320459842681885,5.4739700731290055
599,5.3927998542785645,5.3273988420330465
600,5.3747100830078125,5.394878414525616
601,5.381939888000488,5.376936029226451
602,5.418109893798829,5.379222729739266
603,5.3710899353027335,5.415978548634105
604,5.436200141906738,5.370163033368008
605,5.428959846496582,5.433179032477175
606,5.43257999420166,5.427129417196756
607,5.3710899353027335,5.429416513190078
608,5.3566298484802255,5.372076842914973
609,5.353010177612305,5.357983996128002
610,5.295139789581299,5.354644331072996
611,5.298759937286377,5.297157041080705
612,5.3349199295043945,5.300141062810652
613,5.3710899353027335,5.334735692828703
614,5.461520195007324,5.368141817401607
615,5.483220100402832,5.456112877808134
616,5.483220100402832,5.477858248290062
617,5.479599952697754,5.4785232688695995
618,5.461520195007324,5.477156066763084
619,5.410880088806153,5.460373796244096
620,5.439809799194336,5.411784324318595
621,5.439809799194336,5.439401667753706
622,5.454279899597168,5.438837791835578
623,5.436200141906738,5.45137546540075
624,5.519390106201172,5.4347198001420765
625,5.461520195007324,5.51508807258391
626,5.3927998542785645,5.459523183436973
627,5.447050094604492,5.392892209293037
628,5.3710899353027335,5.447667378545603
629,5.349390029907227,5.3729541817884074
630,5.305990219116211,5.349854128503868
631,5.287909984588623,5.310306275121881
632,5.197480201721191,5.290241087901389
633,5.103439807891847,5.203205212274084
634,5.197480201721191,5.1121866164064365
635,5.164929866790772,5.200916191263307
636,5.164929866790772,5.1668284541938485
637,5.13238000869751,5.164384499531409
638,5.1396098136901855,5.135632089439212
639,5.016640186309815,5.141564413222289
640,4.926219940185547,5.024094196189218
641,4.9660000801086435,4.937057272738632
642,5.1396098136901855,4.975026292398358
643,5.088970184326172,5.138147734979603
644,5.070889949798584,5.08751296559502
645,5.056419849395752,5.070568006436722
646,5.02386999130249,5.061094363226014
647,5.081739902496338,5.028330893005893
648,4.958769798278809,5.083348771502505
649,4.886429786682129,4.965072913108126
650,4.824940204620361,4.895035015859909
651,4.705580234527588,4.8392554889667965
652,4.658559799194336,4.721316813654439
653,4.669410228729248,4.673866317145234
654,4.6079301834106445,4.68169589131686
655,4.571760177612305,4.61922003526125
656,4.712820053100586,4.583319727128645
657,4.748990058898926,4.718746049129968
658,4.6875,4.752698194604595
659,4.806859970092773,4.692579146730202
660,4.806859970092773,4.810357191534469
661,4.781539916992188,4.811029759158246
662,4.806859970092773,4.785427953002823
663,4.738140106201172,4.812328347004517
664,4.781539916992188,4.746504396637097
665,4.832170009613037,4.787381716424019
666,4.886429786682129,4.8366666616115355
667,4.857490062713623,4.887910956386482
668,4.871960163116455,4.860559389137411
669,4.810470104217528,4.875563307341678
670,4.806859970092773,4.81800861811132
671,4.7779197692871085,4.8136893701208585
672,4.676650047302246,4.786491360620894
673,4.680270195007324,4.688050512199108
674,4.734519958496094,4.691365663762661
675,4.75984001159668,4.742207239993833
676,4.839409828186035,4.764256214596408
677,4.893660068511963,4.8414596153592635
678,4.922599792480469,4.894895666140935
679,4.911749839782715,4.923370523370746
680,4.900899887084961,4.914119178835311
681,4.839409828186035,4.904866598130556
682,4.853879928588867,4.8467761081816985
683,4.926219940185547,4.860267552708921
684,4.853879928588867,4.9294082447764715
685,4.839409828186035,4.8583202445310985
686,4.756219863891602,4.844780524768341
687,4.738140106201172,4.767783537147283
688,4.734519958496094,4.748003144699504
689,4.7308998107910165,4.744074238245503
690,4.79601001739502,4.7381526901714865
691,4.756219863891602,4.8003434140263535
692,4.79601001739502,4.761931986012166
693,4.748990058898926,4.800200796958511
694,4.767069816589356,4.756560821074753
695,4.734519958496094,4.772867371484503
696,4.6079301834106445,4.742724267664224
697,4.629630088806152,4.620658019999645
698,4.5428199768066415,4.641886062585238
699,4.5934600830078125,4.5584697077646705
700,4.843029975891113,4.60267611169712
701,4.886429786682129,4.844489299719974
702,5.070889949798584,4.88687086973867
703,5.179399967193604,5.069468331873762
704,5.103439807891847,5.175642359693065
705,5.15045976638794,5.101187238135421
706,5.085360050201416,5.1496893828640085
707,5.490449905395508,5.090081285669587
708,5.504920005798339,5.483270776981374
709,5.515769958496094,5.497571583337383
710,5.490449905395508,5.508511068880995
711,5.465129852294921,5.488430016434922
712,5.3783302307128915,5.4645213944994
713,5.39640998840332,5.381903428084859
714,5.573639869689941,5.398196282213464
715,5.559169769287109,5.568286609246248
716,5.598959922790527,5.552655368045576
717,5.642360210418701,5.591822041921119
718,5.794270038604736,5.637391578890899
719,5.783420085906982,5.785301559412526
720,5.895540237426758,5.7752047613119295
721,5.7870402336120605,5.885725530548039
722,5.736400127410889,5.783244718072404
723,5.740019798278809,5.734186066731666
724,5.620659828186035,5.741939283862159
725,6.181280136108397,5.623728302937357
726,6.3693599700927725,6.169207948837354
727,6.445310115814209,6.358303431339537
728,6.416379928588867,6.43877355114947
729,6.629769802093506,6.404368280109074
730,7.1252899169921875,6.6167840052984985
731,7.407410144805907,7.112567878553107
732,7.251880168914795,7.403707592824244
733,7.034870147705078,7.237904232967936
734,6.9263601303100595,7.030524870248406
735,7.620800018310547,6.944126245131923
736,7.732930183410644,7.6051491951556365
737,7.7148399353027335,7.719452147971115
738,7.631659984588622,7.703487908673525
739,8.112700462341309,7.623027786762669
740,7.960790157318115,8.096466754144565
741,7.8776001930236825,7.9461036552621875
742,7.9065399169921875,7.8629919591808495
743,7.541230201721192,7.906870756720593
744,7.5050601959228525,7.554385566647671
745,7.5593199729919425,7.515152747680762
746,7.5267601013183585,7.567796440556595
747,7.342299938201904,7.51908277362213
748,7.089119911193848,7.340875877790601
749,6.915510177612305,7.106011179596833
750,7.237410068511963,6.94331099364548
751,7.541230201721192,7.233478929435266
752,7.602719783782959,7.525477246713411
753,8.318860054016112,7.589230030320497
754,8.340570449829103,8.317470914734242
755,7.8667497634887695,8.328560797489798
756,8.655240058898926,7.8518844781619395
757,8.770979881286621,8.638639809924411
758,8.586520195007324,8.753701297064552
759,8.268230438232424,8.572250100230073
760,8.185040473937987,8.278697937053785
761,7.8558998107910165,8.210030122719928
762,7.989729881286621,7.893642524416251
763,7.837820053100586,7.993874215811189
764,8.029509544372559,7.84613265139552
765,7.7220802307128915,8.016088066851347
766,7.77632999420166,7.725799937740954
767,8.355030059814451,7.7702336864409105
768,8.304400444030763,8.338927644650095
769,8.329719543457031,8.288433530425568
770,8.232060432434082,8.313457598035273
771,8.007809638977049,8.228164524217918
772,8.011429786682129,8.012972934128804
773,7.24103021621704,8.017863008762975
774,7.277200222015381,7.305716733917497
775,7.3748598098754865,7.315243583354999
776,7.392940044403076,7.404570182458143
777,7.396560192108153,7.380565166851507
778,7.208479881286621,7.3849502992897955
779,7.212090015411378,7.20732417550286
780,7.016779899597168,7.211622446136516
781,7.020400047302245,7.027612430995324
782,6.835939884185791,7.020444077186741
783,6.71295976638794,6.846686484560281
784,6.781680107116698,6.719470960152802
785,6.687640190124513,6.784536182121205
786,6.908279895782472,6.686230537174646
787,7.320600032806397,6.895672665826238
788,7.316979885101317,7.3055575865140385
789,6.901040077209472,7.30298783316466
790,7.016779899597168,6.893736261344532
791,6.810619831085205,7.02298980154403
792,6.763599872589111,6.830311388299095
793,6.839550018310547,6.761591649249692
794,7.136139869689941,6.839266102817503
795,7.345920085906982,7.121427989588691
796,7.324220180511475,7.3312553041228155
797,7.3712401390075675,7.308851294093188
798,7.280819892883301,7.357302974990426
799,7.302519798278809,7.275229222928023
800,7.204860210418701,7.295280453816136
801,6.977000236511231,7.203707316965083
802,6.980609893798827,6.983242432456095
803,7.345920085906982,6.987907574752494
804,7.3748598098754865,7.3338396678174425
805,7.588250160217286,7.359384851387825
806,7.631659984588622,7.573509847148972
807,7.653359889984132,7.616738250145405
808,7.421879768371582,7.638506427903359
809,7.4833598136901855,7.420572402865355
810,7.385709762573243,7.4811683286039266
811,7.8125,7.3896261274668555
812,7.696760177612305,7.796533929206605
813,7.667819976806641,7.682861110418925
814,7.591869831085205,7.652906595015001
815,7.562930107116698,7.593146298127169
816,7.642509937286378,7.560028610211145
817,7.5267601013183585,7.635137388950737
818,7.280819892883301,7.5209824257435205
819,7.063799858093263,7.285607164433985
820,6.796150207519531,7.088890013980371
821,6.893809795379639,6.834390202491696
822,6.95890998840332,6.905199195852399
823,7.136139869689941,6.955248194480642
824,6.95890998840332,7.1213157777211205
825,6.469910144805907,6.949258231536476
826,6.527780055999756,6.488698662405105
827,5.873839855194093,6.555643004402814
828,5.775459766387941,5.95031670139054
829,5.648149967193604,5.81205479613259
830,5.5555500984191895,5.702552205448534
831,5.769670009613037,5.566462143328734
832,5.642360210418701,5.765930153276609
833,5.5555500984191895,5.639413692384274
834,5.3993000984191895,5.553037913674045
835,5.422450065612793,5.4141528433175
836,5.422450065612793,5.429233960635259
837,5.202549934387207,5.4255060248627585
838,5.208330154418945,5.210092400783326
839,5.439809799194336,5.216587017826477
840,5.983799934387207,5.437709777950337
841,5.983799934387207,5.978852076428004
842,6.082170009613037,5.978673744194645
843,6.0069398880004865,6.0729886188490845
844,5.8680500984191895,6.001105503630731
845,5.682869911193848,5.867675887524361
846,5.457170009613038,5.697863339183239
847,5.4513897895813,5.483531854434968
848,5.763889789581299,5.468717177350194
849,5.648149967193604,5.757823787649578
850,5.677080154418944,5.640789403613631
851,5.578700065612793,5.669051342857391
852,5.4456000328063965,5.5828504688047875
853,5.6018500328063965,5.4514216535217335
854,5.549769878387451,5.601454614094818
855,5.740739822387695,5.548179999014668
856,5.682869911193848,5.73161168813345
857,5.752309799194336,5.677330310735189
858,5.740739822387695,5.744037617352208
859,5.746530055999756,5.736995155379053
860,5.723380088806152,5.740995158348996
861,5.700230121612549,5.720643856210007
862,5.978010177612304,5.698014009106557
863,6.076389789581299,5.967965326296045
864,6.035880088806152,6.064851911114548
865,5.902780055999756,6.024631603410641
866,6.122680187225343,5.900684006743395
867,6.24420976638794,6.115685608318215
868,6.365739822387696,6.23322411013461
869,6.313660144805907,6.352866065908352
870,6.3368000984191895,6.302687200093784
871,6.145830154418945,6.327802951444774
872,6.307869911193848,6.149024380838504
873,6.296299934387208,6.30179188951479
874,6.151619911193847,6.291437309686393
875,6.157410144805907,6.145708155404059
876,6.140049934387207,6.157335157881597
877,6.221059799194336,6.140286689958408
878,6.481480121612549,6.213057135536839
879,6.4120402336120605,6.4683303215799155
880,6.3831000328063965,6.399590556192053
881,6.3831000328063965,6.3724123740689285
882,7.019670009613038,6.380183430915817
883,7.1990699768066415,7.005990443869986
884,7.343749999999999,7.1895157630494815
885,7.7951397895813,7.338934561241386
886,7.644670009613037,7.783320098549168
887,7.638889789581299,7.628785203075721
888,7.401619911193848,7.62384988556859
889,7.401619911193848,7.41311833182087
890,7.453700065612794,7.404189284276398
891,7.100689888000487,7.453277934548494
892,6.9618000984191895,7.106669766770862
893,6.747680187225343,6.976647269726861
894,6.886569976806641,6.783719181974424
895,6.875,6.888040357421588
896,7.065969944000244,6.870696257028653
897,7.262730121612549,7.051435325310782
898,7.106480121612548,7.24749754479637
899,7.343749999999999,7.0929409271493755
900,7.228010177612305,7.329243667539308
901,7.065969944000244,7.221310198057152
902,6.950230121612549,7.059645387541956
903,6.944439888000487,6.961995562994965
904,7.060180187225342,6.949556893680019
905,7.135419845581055,7.05262398712621
906,6.973380088806153,7.122649955307705
907,7.280089855194093,6.964791370463086
908,7.5231499671936035,7.266507186152538
909,7.771989822387695,7.507520870293409
910,7.598380088806152,7.7608194743315915
911,8.171299934387207,7.583139387376872
912,8.333330154418945,8.156347996462836
913,8.043979644775389,8.317128933083701
914,8.026619911193848,8.02764265317455
915,7.847219944000244,8.023886703194217
916,7.905089855194093,7.8648608490660665
917,7.609950065612793,7.902185340239161
918,7.6793999671936035,7.622875163258038
919,7.714119911193848,7.6779967888109235
920,7.754630088806153,7.7138190234953665
921,8.130789756774902,7.742093023357535
922,7.714119911193848,8.114354822381602
923,7.604169845581055,7.705796188701135
924,7.731480121612549,7.601999754568591
925,8.153940200805664,7.743182501463971
926,7.997680187225343,8.137481387931107
927,8.096059799194336,7.98150527987239
928,8.067130088806152,8.079933149305301
929,7.910880088806152,8.061833910667161
930,7.8125,7.90570797309369
931,7.7951397895813,7.817055884036959
932,7.853010177612305,7.799055306277262
933,7.881939888000487,7.846715972858497
934,7.870369911193848,7.871272255917976
935,7.957170009613037,7.85954383220537
936,7.8356499671936035,7.945471253660994
937,7.870369911193848,7.828920685586471
938,7.771989822387695,7.861928221276313
939,7.690969944000245,7.771366071087642
940,7.6331000328063965,7.68847733652411
941,7.690969944000245,7.6352240301809235
942,7.430550098419189,7.68571721431131
943,7.361110210418701,7.434041970052863
944,7.262730121612549,7.365281975815293
945,7.378469944000244,7.276611697162233
946,7.361110210418701,7.372295317701259
947,7.384260177612306,7.353060122367782
948,7.233799934387206,7.372608380755078
949,6.892360210418701,7.231618729008113
950,6.915510177612305,6.90927278494678
951,6.770830154418945,6.932406281961459
952,6.782410144805908,6.787432577898554
953,6.626160144805907,6.7791887909273
954,6.79976987838745,6.631966306677342
955,6.793980121612549,6.791442707953942
956,7.089119911193848,6.786214197503396
957,7.077549934387208,7.074093520499866
958,6.903930187225343,7.063415879026651
959,6.753469944000244,6.89316537434784
960,6.730319976806642,6.7618018836618115
961,6.805550098419189,6.739377710626732
962,6.840280055999757,6.801813835940808
963,6.840280055999757,6.830216355802429
964,6.71295976638794,6.829622525972914
965,6.782410144805908,6.709128308619391
966,6.753469944000244,6.777105782074539
967,6.765049934387207,6.749340594922991
968,6.643519878387451,6.756086210096446
969,6.539350032806397,6.641763734595761
970,6.5740699768066415,6.5413110830957955
971,6.822919845581055,6.57483545207802
972,6.770830154418945,6.8107687929528415
973,6.747680187225343,6.757896691512295
974,6.591430187225343,6.73579412644331
975,6.655089855194093,6.594181148825092
976,6.689809799194336,6.6523141881211165
977,6.597219944000244,6.684658529044117
978,6.585649967193604,6.59001436649302
979,6.695600032806396,6.581135133200312
980,6.944439888000487,6.688196472924025
981,6.909719944000245,6.929913853819592
982,7.071760177612305,6.895429184024936
983,6.990739822387695,7.056839634862885
984,6.927080154418945,6.981594407723796
985,6.747680187225343,6.918923444375893
986,6.944439888000487,6.755329861802744
987,6.805550098419189,6.938473259094283
988,6.71295976638794,6.80278867123516
989,6.458330154418944,6.706914907978844
990,6.377309799194336,6.476928047068054
991,6.429399967193604,6.392037913586835
992,6.504630088806152,6.435215024168446
993,6.440969944000244,6.496395362681175
994,6.388889789581298,6.432414366516371
995,6.354169845581055,6.383762745456249
996,6.192130088806153,6.3535288817009095
997,6.2326397895813,6.196649607712583
998,6.25,6.23258698973852
999,5.966430187225343,6.247687462210429
1000,5.925920009613037,5.9705335154016295
1001,5.989580154418945,5.934424933316035
1002,6.111110210418701,5.995354804528424
1003,5.972219944000244,6.101812445316543
1004,6.059030055999756,5.965892629190417
1005,6.0069398880004865,6.051684998496902
1006,5.925920009613037,6.005488731282344
1007,5.844910144805907,5.922680921557013
1008,6.24420976638794,5.848962457074632
1009,6.24420976638794,6.2328137034643225
1010,6.134260177612305,6.232019227368633
1011,6.192130088806153,6.122797272386271
1012,6.2326397895813,6.188016466704571
1013,6.238420009613038,6.226994150817814
1014,6.2326397895813,6.229485706188887
1015,6.25,6.225391376910484
1016,6.313660144805907,6.243377672101154
1017,6.2326397895813,6.305181706321003
1018,6.24420976638794,6.226619325739598
1019,6.527780055999756,6.238336544461954
1020,6.475689888000487,6.515728565995222
1021,6.5740699768066415,6.4633765636239495
1022,6.597219944000244,6.560582728108908
1023,6.527780055999756,6.588109019070677
1024,6.348380088806152,6.5193206226656
1025,6.359950065612793,6.351314589957824
1026,6.307869911193848,6.36344649760109
1027,6.25,6.3106128181199015
1028,6.186339855194094,6.247455297404704
1029,6.40045976638794,6.187209041947876
1030,6.539350032806397,6.39126251964647
1031,6.498839855194093,6.52630338674484
1032,6.510419845581055,6.485717444062101
1033,6.3831000328063965,6.50048395257272
1034,6.458330154418944,6.382646161829433
1035,6.446760177612305,6.453024460962949
1036,6.359950065612793,6.44233290035824
1037,6.3368000984191895,6.35429730230399
1038,6.278930187225344,6.33495565963515
1039,6.325230121612548,6.279267023928731
1040,6.394670009613036,6.320077770398685
1041,6.562499999999999,6.386407174700771
1042,6.498839855194093,6.549441644178983
1043,6.545139789581299,6.48757310755595
1044,6.475689888000487,6.534203750039094
1045,6.521989822387695,6.4720878276597
1046,6.521989822387695,6.514405652701686
1047,6.504630088806152,6.515921716895306
1048,6.556709766387941,6.496911000238795
1049,6.591430187225343,6.54869042273201
1050,6.701389789581299,6.582332616117006
1051,6.701389789581299,6.689177252353377
1052,6.701389789581299,6.69019900902261
1053,6.71295976638794,6.690999581693485
1054,6.655089855194093,6.705336066987797
1055,6.655089855194093,6.649570725676344
1056,6.660880088806152,6.649570725676344
1057,6.556709766387941,6.655563935163397
1058,6.614580154418945,6.553397757263163
1059,6.585649967193604,6.608928093915894
1060,6.643519878387451,6.5813589946278155
1061,6.79976987838745,6.633839628019993
1062,6.817130088806152,6.7875549244120075
1063,6.7430500984191895,6.804097843735573
1064,7.027780055999756,6.732834781054144
1065,7.034719944000244,7.014416388250712
1066,6.972219944000244,7.0215140818640895
1067,6.847219944000244,6.958930277431311
1068,6.791669845581055,6.84708543446455
1069,6.840280055999757,6.794741166289345
1070,6.784719944000244,6.837924632364974
1071,6.805550098419189,6.7795884835812465
1072,6.784719944000244,6.797690309436363
1073,6.819439888000487,6.779324604576736
1074,6.819439888000487,6.8109015119501795
1075,6.8819398880004865,6.811557201095714
1076,6.847219944000244,6.8715336179293915
1077,6.8680500984191895,6.838851495563251
1078,6.916669845581054,6.859014452985422
1079,6.8819398880004865,6.907980286714462
1080,6.847219944000244,6.873302344172654
1081,6.895830154418944,6.840464547607863
1082,6.701389789581299,6.889005096431247
1083,6.715280055999756,6.701450118598912
1084,6.715280055999756,6.713102230554702
1085,6.75,6.715319953075386
1086,6.75,6.7411656759702
1087,6.673610210418701,6.741581807024389
1088,6.659719944000244,6.6678873867815955
1089,6.666669845581056,6.655885600679679
1090,6.631939888000488,6.6625453431576895
1091,6.756939888000487,6.626295766436146
1092,6.777780055999756,6.7467563279351825
1093,7.0555500984191895,6.76720870507285
1094,7.097219944000244,7.040548235240249
1095,7.486110210418701,7.082458060078428
1096,7.513889789581299,7.4732351778118975
1097,7.465280055999756,7.498179653531553
1098,7.548610210418701,7.449815791167001
1099,7.430550098419189,7.538412801888447
1100,7.590280055999756,7.425573958389402
1101,7.513889789581299,7.578354845972854
1102,7.395830154418945,7.506957480551342
1103,7.291669845581055,7.38898796904932
1104,7.319439888000488,7.297391845731121
1105,7.437500000000001,7.319560924080645
1106,7.361110210418701,7.428025512541463
1107,7.395830154418945,7.350873075104775
1108,7.319439888000488,7.385362895072288
1109,7.347219944000245,7.316009598891646
1110,7.395830154418945,7.339664482832368
1111,7.347219944000245,7.387750978865852
1112,7.270830154418945,7.338261723119727
1113,7.1805500984191895,7.2656959798681555
1114,7.1875,7.181816143391338
1115,7.090280055999755,7.18604848196624
1116,7.076389789581299,7.089896589453007
1117,7.111110210418701,7.072572515912823
1118,7.048610210418701,7.106119833221242
1119,7.1180500984191895,7.042347768488209
1120,7.152780055999756,7.108887524500079
1121,7.256939888000487,7.143578213975684
1122,7.291669845581055,7.243585456996321
1123,7.326389789581299,7.2789378491427446
1124,7.340280055999756,7.313619428008436
1125,7.263889789581298,7.329670535144126
1126,7.173610210418702,7.256903761098412
1127,7.201389789581299,7.1718483293358375
1128,7.201389789581299,7.198972911955552
1129,7.159719944000243,7.195766367162514
1130,7.1180500984191895,7.152337156644762
1131,7.125,7.113332471347108
1132,7.173610210418702,7.119996083374885
1133,7.208330154418945,7.165269141606917
1134,6.9861102104187,7.197667082633733
1135,7.0138897895813,6.983892034609542
1136,7.138889789581299,7.012592210716047
1137,7.069439888000487,7.133596649574268
1138,7.027780055999756,7.059130118783819
1139,7.027780055999756,7.019603532991612
1140,7.041669845581055,7.0243060830360395
1141,7.125,7.034907231009367
1142,7.083330154418946,7.114249107613966
1143,7.0555500984191895,7.073791125919425
1144,7.0138897895813,7.047340317160409
1145,7.027780055999756,7.01043037789107
1146,7.0555500984191895,7.022063267423905
1147,7.083330154418946,7.047802118273178
1148,7.027780055999756,7.073389315779252
1149,7.0625,7.0200650485003235
1150,7.006939888000487,7.054510738855539
1151,7.0138897895813,7.002058731226548
1152,7.111110210418701,7.006668167168094
1153,7.069439888000487,7.101744749684458
1154,6.958330154418945,7.05971507729668
1155,7.0625,6.952695144919483
1156,7.152780055999756,7.056481788743797
1157,7.243050098419189,7.142368372874907
1158,7.659719944000244,7.228589731465679
1159,7.715280055999756,7.644747715946008
1160,7.534719944000244,7.699863846294661
1161,7.513889789581299,7.519828938111947
1162,7.527780055999757,7.511564903505859
1163,7.576389789581299,7.527424622333271
1164,7.736110210418701,7.566802036207429
1165,7.826389789581299,7.7220203710787185
1166,7.777780055999755,7.811123971312245
1167,7.673610210418701,7.7640281238574
1168,7.590280055999756,7.667626302108673
1169,7.472219944000244,7.592368118985482
1170,7.368050098419189,7.478242499564653
1171,7.381939888000487,7.374130856812793
1172,7.381939888000487,7.382715549881299
1173,7.5,7.377284715207256
1174,7.486110210418701,7.487985540420652
1175,7.625,7.474805572104354
1176,7.784719944000245,7.610674324894509
1177,7.854169845581055,7.769659503202334
1178,8.638890266418457,7.838274523313227
1179,8.465279579162598,8.633835137892172
1180,9.111109733581543,8.450450517869221
1181,9.097220420837402,9.11757424892075
1182,9.694439888000488,9.079318037337881
1183,10.09029960632324,9.697511343246916
1184,10.57639980316162,10.079741573295996
1185,9.520830154418944,10.592211756095772
1186,9.854169845581056,9.516803287262226
1187,9.666669845581056,9.85208474015029
1188,9.680560111999512,9.717487894925798
1189,9.430560111999512,9.664420204970474
1190,9.99306011199951,9.441074322585695
1191,10.66670036315918,9.973184323929676
1192,10.340299606323242,10.653652647298303
1193,10.416700363159178,10.326111965217848
1194,10.652799606323242,10.394432348957919
1195,10.2431001663208,10.63728919549986
1196,9.770830154418944,10.232883065370608
1197,10.201399803161618,9.79668166089301
1198,10.48610019683838,10.210603201014912
1199,10.361100196838379,10.4650834927619
1200,10.76389980316162,10.339767653199905
1201,11.0,10.740222694598664
1202,11.125,10.974566958423404
1203,10.958299636840819,11.102198101981555
1204,10.75,10.935379689313798
1205,10.38889980316162,10.744052961532002
1206,10.472200393676756,10.419206558443516
1207,10.256899833679197,10.482277145954344
1208,10.1943998336792,10.26868841298839
1209,10.284700393676756,10.188760285227714
1210,10.659700393676758,10.278287392701923
1211,10.67360019683838,10.636239710944578
1212,9.604169845581056,10.650003889938759
1213,9.604169845581056,9.633636676207349
1214,10.013899803161618,9.671094853672507
1215,9.930560111999512,10.039764191076014
1216,9.999999999999998,9.910918385000121
1217,9.958330154418944,9.979616272231729
1218,9.715279579162598,9.947703052857758
1219,9.763890266418457,9.712647262388414
1220,9.652779579162598,9.76214815856787
1221,9.673609733581543,9.655235103046067
1222,9.465279579162598,9.6634931423773
1223,9.6875,9.467959143174262
1224,9.520830154418944,9.674701346833459
1225,9.576390266418457,9.515830069699437
1226,9.381939888000488,9.56174283078419
1227,9.388890266418457,9.385269238884048
1228,9.5625,9.383334317791723
1229,9.534720420837402,9.551725764690046
1230,9.625,9.519181229458876
1231,9.6875,9.607557608508932
1232,9.666669845581056,9.672154011415387
1233,9.715279579162598,9.65122000194893
1234,9.583330154418944,9.700749384976582
1235,9.770830154418944,9.575993157946131
1236,9.715279579162598,9.755739971569723
1237,9.743060111999512,9.703531589028195
1238,9.444439888000488,9.726716212594635
1239,9.423609733581543,9.448798176399643
1240,9.291669845581056,9.426022185480264
1241,9.333330154418944,9.304487472390415
1242,9.826390266418457,9.327015021556708
1243,9.5625,9.806606040792119
1244,9.625,9.54471783765829
1245,10.13889980316162,9.606759988927799
1246,10.409700393676758,10.118581454738315
1247,10.701399803161621,10.393209978518263
1248,10.6943998336792,10.692011816047623
1249,10.770799636840819,10.67105970761918
1250,10.548600196838379,10.746922600724636
1251,10.63889980316162,10.539182607961123
1252,10.715299606323242,10.624964229331763
1253,10.659700393676758,10.700911788958752
1254,10.35420036315918,10.640430716017235
1255,10.493100166320799,10.352414329786933
1256,10.472200393676756,10.487282918854827
1257,10.875000000000002,10.464808537522032
1258,10.9375,10.850386572044217
1259,11.08329963684082,10.912317881488073
1260,10.972200393676756,11.058120073771619
1261,11.0068998336792,10.951355930224352
1262,11.67360019683838,10.986567631048919
1263,12.4443998336792,11.643600339222653
1264,12.5,12.443200500769317
1265,13.75,12.499621027199183
1266,13.783300399780273,13.782399325747075
1267,13.583299636840822,13.75002578509079
1268,13.875,13.540444347705078
1269,14.16670036315918,13.812533132482534
1270,14.10830020904541,14.094076466833238
1271,13.583299636840822,14.037902441381712
1272,13.800000190734865,13.5415254467815
1273,14.125,13.756431847125986
1274,13.883299827575685,14.05805949137198
1275,13.449999809265137,13.81846360262659
1276,13.683300018310547,13.41418241393013
1277,13.916700363159181,13.646788540948394
1278,13.875,13.855089023353013
1279,13.916700363159181,13.81006979388815
1280,13.766699790954592,13.851599589419788
1281,13.216699600219725,13.714514359826637
1282,13.100000381469727,13.205189929064279
1283,13.058300018310549,13.103435304525412
1284,13.208299636840819,13.053896939859378
1285,13.35830020904541,13.163759887260035
1286,13.300000190734865,13.305523420800894
1287,13.23330020904541,13.248551486861492
1288,13.241700172424315,13.187343780603866
1289,12.875,13.200058708457384
1290,12.649999618530273,12.854881460317118
1291,12.991700172424313,12.643957840528453
1292,13.116700172424315,12.960308840922355
1293,13.158300399780273,13.068648470473187
1294,13.558300018310545,13.10866012761094
1295,13.83329963684082,13.50143512677845
1296,13.850000381469727,13.772704063192746
1297,13.733300209045412,13.788504485613512
1298,12.91670036315918,13.673475657239958
1299,12.76669979095459,12.932740788724226
1300,13.25,12.802034381971332
1301,13.14169979095459,13.226059985839557
1302,13.191699981689453,13.093416587648555
1303,13.64169979095459,13.141202193978986
1304,13.583299636840822,13.582201852641068
1305,14.408300399780272,13.525105120351903
1306,14.149999618530273,14.351657357849133
1307,13.899999618530273,14.07832463917697
1308,13.733300209045412,13.834645833728272
1309,13.758299827575685,13.710330465281551
1310,13.26669979095459,13.71712434800468
1311,13.033300399780275,13.252294104420987
1312,13.10830020904541,13.028763622282606
1313,12.816699981689453,13.098491147671385
1314,12.191699981689455,12.79909756126517
1315,12.45829963684082,12.21349070121681
1316,12.600000381469728,12.460213920202701
1317,12.39169979095459,12.573566095676144
1318,11.475000381469727,12.355249454072014
1319,11.300000190734865,11.519637374722473
1320,12.116700172424313,11.382849465105883
1321,11.600000381469727,12.099638660037199
1322,11.45829963684082,11.573588394951798
1323,10.89169979095459,11.432384439647915
1324,11.566699981689453,10.969586073658588
1325,12.20829963684082,11.545150450010011
1326,10.991700172424316,12.175522369126993
1327,11.883299827575687,10.970652835992295
1328,12.383299827575684,11.851126990668378
1329,12.033300399780273,12.347394756622094
1330,11.558300018310547,12.01188592781711
1331,11.316699981689455,11.549965033486423
1332,11.33329963684082,11.371912243368799
1333,11.51669979095459,11.353089967865275
1334,11.33329963684082,11.495888564630423
1335,11.308300018310549,11.312104873012162
1336,11.26669979095459,11.288671234033691
1337,11.39169979095459,11.256978017923272
1338,11.149999618530273,11.368786656740559
1339,10.366700172424316,11.136848501354514
1340,10.51669979095459,10.412604528667813
1341,10.5,10.559095621590425
1342,10.216699600219727,10.522290962043863
1343,10.300000190734863,10.208878165881826
1344,10.683300018310547,10.294934878599728
1345,10.716699600219727,10.662274209219143
1346,10.491700172424316,10.692922034807287
1347,10.441699981689451,10.471548019449012
1348,10.508299827575684,10.437151700359745
1349,10.76669979095459,10.501714748696543
1350,10.699999809265135,10.743689929344702
1351,10.475000381469727,10.677602878828443
1352,10.475000381469727,10.46115889023976
1353,10.533300399780273,10.472938702045724
1354,10.449999809265137,10.524598825191479
1355,10.225000381469727,10.43599346340647
1356,10.191699981689453,10.222010247866532
1357,10.04170036315918,10.193991155024998
1358,9.583330154418944,10.04883821629379
1359,8.625,9.609602824860358
1360,7.88332986831665,8.764878416218847
1361,8.258330345153809,8.131922511470863
1362,9.0,8.363807548882937
1363,9.024999618530273,8.982528338719277
1364,9.225000381469727,9.025184629903105
1365,9.64167022705078,9.216757842803935
1366,9.866669654846193,9.62370559093039
1367,9.074999809265137,9.852277472692016
1368,9.166669845581056,9.071039998680467
1369,9.25,9.181485077888716
1370,9.208330154418944,9.27536760789512
1371,9.133330345153807,9.19409480908646
1372,9.058329582214355,9.124389376669665
1373,8.808329582214355,9.056392580937185
1374,9.083330154418944,8.818850238798099
1375,8.975000381469727,9.075127841808225
1376,9.008330345153807,8.968345306840503
1377,9.01667022705078,8.993059502426147
1378,9.133330345153807,9.00925841761126
1379,8.916669845581055,9.118675567592643
1380,8.925000190734863,8.910471933627738
1381,8.791669845581055,8.918786926380774
1382,8.774999618530272,8.798534022027843
1383,8.649999618530272,8.771236652053396
1384,8.741669654846191,8.653206557553583
1385,8.916669845581055,8.734103746952387
1386,9.083330154418944,8.902829869467473
1387,9.35832977294922,9.06547190500594
1388,9.274999618530273,9.340825406330898
1389,9.149999618530273,9.257049427016046
1390,9.308329582214355,9.137691056654841
1391,9.35832977294922,9.299598136727052
1392,9.383330345153807,9.345042013044226
1393,9.433329582214355,9.366613377239553
1394,9.350000381469727,9.418737643244
1395,9.441670417785645,9.3396319258728
1396,9.558329582214355,9.428886096221177
1397,9.600000381469727,9.54338326097496
1398,9.566670417785645,9.582412232691071
1399,9.39167022705078,9.55169933287172
1400,9.39167022705078,9.387695992610166
1401,9.466670036315918,9.389724597907486
1402,9.283329963684082,9.459512154845944
1403,9.208330154418944,9.277026365549204
1404,9.741669654846193,9.205637070184014
1405,10.058300018310547,9.723276118452086
1406,10.324999809265137,10.041421697889382
1407,10.783300399780275,10.31948260517478
1408,10.625,10.771884140959665
1409,10.458299636840819,10.602128724011148
1410,10.33329963684082,10.439573466822342
1411,10.199999809265135,10.341707145367977
1412,10.283300399780272,10.207454834170035
1413,10.416700363159178,10.276303876443933
1414,10.350000381469725,10.399458987002545
1415,10.416700363159178,10.331423888385284
1416,10.458299636840819,10.398181456011551
1417,10.374999999999998,10.442055850118521
1418,10.233300209045408,10.359695319953628
1419,10.266699790954588,10.226943394616606
1420,10.191699981689453,10.260571914872257
1421,9.774999618530273,10.185536463949779
1422,9.783329963684082,9.786622445021028
1423,9.791669845581056,9.796664797301602
1424,10.425000190734863,9.799351057427515
1425,10.374999999999998,10.404107932464564
1426,10.100000381469727,10.353616956245611
1427,10.125,10.079886897566654
1428,9.966670036315918,10.125206779132712
1429,9.991669654846191,9.974149984229317
1430,9.966670036315918,9.983026795082518
1431,9.85832977294922,9.960330447016009
1432,10.058300018310547,9.850213841759937
1433,9.933329582214354,10.04316592205131
1434,9.90832996368408,9.921970044947273
1435,10.058300018310547,9.894279746138976
1436,10.191699981689453,10.04526135674293
1437,10.425000190734863,10.171835939498699
1438,10.35830020904541,10.402814018777288
1439,10.399999618530272,10.337144683330411
1440,10.283300399780272,10.379996280257762
1441,10.283300399780272,10.274787785139313
1442,9.983329772949219,10.271999367133537
1443,10.074999809265137,9.991277037034001
1444,10.083299636840819,10.070582250243133
1445,9.991669654846191,10.078436863888518
1446,9.441670417785645,9.978622444554341
1447,9.5,9.46777590868273
1448,9.60832977294922,9.52187065289684
1449,9.116669654846193,9.615634145697488
1450,9.26667022705078,9.121844166209144
1451,8.966670036315918,9.266348364140077
1452,9.008330345153807,8.994885213917547
1453,8.925000190734863,9.002657981072884
1454,8.975000381469727,8.931605536161035
1455,8.716670036315918,8.964906605221952
1456,8.675000190734862,8.720711651182873
1457,8.925000190734863,8.676793935984625
1458,8.783329963684082,8.91711631690714
1459,8.600000381469728,8.771721995078734
1460,8.666669845581055,8.593635222372484
1461,8.641670227050781,8.668929151735892
1462,8.225000381469728,8.638117335653591
1463,8.233329772949219,8.234740606818685
1464,8.074999809265138,8.246920193311617
1465,8.333330154418945,8.09856559502803
1466,8.166669845581055,8.321159489914333
1467,8.291669845581055,8.160465726281084
1468,8.208330154418945,8.277141783936829
1469,8.291669845581055,8.204547356940106
1470,8.266670227050781,8.279115452306696
1471,8.158329963684082,8.258773476500508
1472,8.341670036315918,8.151479476509266
1473,8.458330154418945,8.331160154485962
1474,8.408329963684082,8.444083197311542
1475,8.366669654846191,8.393110595850754
1476,8.574999809265138,8.356928447703472
1477,8.433329582214355,8.562316948597436
1478,8.458330154418945,8.423511480912149
1479,8.058329582214355,8.446465373580486
1480,8.158329963684082,8.078063822387323
1481,7.966670036315919,8.162135248583072
1482,8.083330154418945,7.984628997210236
1483,8.416669845581055,8.073870379859601
1484,8.425000190734862,8.401314169176494
1485,8.666669845581055,8.408210132761555
1486,8.616669654846191,8.650192744145565
1487,8.566670417785645,8.602050000864082
1488,8.475000381469728,8.553378880852955
1489,8.458330154418945,8.474057452618423
1490,8.466670036315918,8.455798856025053
1491,8.550000190734862,8.461518349343372
1492,8.600000381469728,8.538490939943694
1493,8.625,8.5866634209618
1494,8.683329582214355,8.611241678237642
1495,8.783329963684082,8.670074673660016
1496,9.0,8.768792160149758
1497,8.933329582214355,8.982528338719277
1498,8.916669845581055,8.91732809289404
1499,8.766670227050781,8.903030934714014
1500,8.824999809265137,8.767424145036427
1501,8.733329772949219,8.81967410090545
1502,8.691670417785645,8.731603120598516
1503,8.916669845581055,8.685170881507924
1504,8.866669654846191,8.904116437288021
1505,8.883330345153809,8.853119497992875
